image,label
1.png,A
2.png,B
3.png,C
4.png,D
5.png,E
6.png,F
7.png,G
8.png,H
9.png,I
10.png,J
11.png,K
12.png,L
13.png,M
14.png,N
15.png,O
16.png,P
17.png,Q
18.png,R
19.png,S
20.png,T
21.png,U
22.png,V
23.png,W
24.png,X
25.png,Y
26.png,Z
27.png,0
28.png,1
29.png,2
30.png,3
31.png,4
32.png,5
33.png,6
34.png,7
35.png,8
36.png,9
37.png,a
38.png,b
39.png,c
40.png,d
41.png,e
42.png,f
43.png,g
44.png,h
45.png,i
46.png,j
47.png,k
48.png,l
49.png,m
50.png,n
51.png,A
52.png,B
53.png,C
54.png,D
55.png,E
56.png,F
57.png,G
58.png,H
59.png,I
60.png,J
61.png,K
62.png,L
63.png,M
64.png,N
65.png,O
66.png,P
67.png,Q
68.png,R
69.png,S
70.png,T
71.png,U
72.png,V
73.png,W
74.png,X
75.png,Y
76.png,Z
77.png,0
78.png,1
79.png,2
80.png,3
81.png,4
82.png,5
83.png,6
84.png,7
85.png,8
86.png,9
87.png,a
88.png,b
89.png,c
90.png,d
91.png,e
92.png,f
93.png,g
94.png,h
95.png,i
96.png,j
97.png,k
98.png,l
99.png,m
100.png,n
101.png,A
102.png,B
103.png,C
104.png,D
105.png,E
106.png,F
107.png,G
108.png,H
109.png,I
110.png,J
111.png,K
112.png,L
113.png,M
114.png,N
115.png,O
116.png,P
117.png,Q
118.png,R
119.png,S
120.png,T
121.png,U
122.png,V
123.png,W
124.png,X
125.png,Y
126.png,Z
127.png,0
128.png,1
129.png,2
130.png,3
131.png,4
132.png,5
133.png,6
134.png,7
135.png,8
136.png,9
137.png,a
138.png,b
139.png,c
140.png,d
141.png,e
142.png,f
143.png,g
144.png,h
145.png,i
146.png,j
147.png,k
148.png,l
149.png,m
150.png,n
151.png,A
152.png,B
153.png,C
154.png,D
155.png,E
156.png,F
157.png,G
158.png,H
159.png,I
160.png,J
161.png,K
162.png,L
163.png,M
164.png,N
165.png,O
166.png,P
167.png,Q
168.png,R
169.png,S
170.png,T
171.png,U
172.png,V
173.png,W
174.png,X
175.png,Y
176.png,Z
177.png,0
178.png,1
179.png,2
180.png,3
181.png,4
182.png,5
183.png,6
184.png,7
185.png,8
186.png,9
187.png,a
188.png,b
189.png,c
190.png,d
191.png,e
192.png,f
193.png,g
194.png,h
195.png,i
196.png,j
197.png,k
198.png,l
199.png,m
200.png,n
201.png,A
202.png,B
203.png,C
204.png,D
205.png,E
206.png,F
207.png,G
208.png,H
209.png,I
210.png,J
211.png,K
212.png,L
213.png,M
214.png,N
215.png,O
216.png,P
217.png,Q
218.png,R
219.png,S
220.png,T
221.png,U
222.png,V
223.png,W
224.png,X
225.png,Y
226.png,Z
227.png,0
228.png,1
229.png,2
230.png,3
231.png,4
232.png,5
233.png,6
234.png,7
235.png,8
236.png,9
237.png,a
238.png,b
239.png,c
240.png,d
241.png,e
242.png,f
243.png,g
244.png,h
245.png,i
246.png,j
247.png,k
248.png,l
249.png,m
250.png,n
251.png,A
252.png,B
253.png,C
254.png,D
255.png,E
256.png,F
257.png,G
258.png,H
259.png,I
260.png,J
261.png,K
262.png,L
263.png,M
264.png,N
265.png,O
266.png,P
267.png,Q
268.png,R
269.png,S
270.png,T
271.png,U
272.png,V
273.png,W
274.png,X
275.png,Y
276.png,Z
277.png,0
278.png,1
279.png,2
280.png,3
281.png,4
282.png,5
283.png,6
284.png,7
285.png,8
286.png,9
287.png,a
288.png,b
289.png,c
290.png,d
291.png,e
292.png,f
293.png,g
294.png,h
295.png,i
296.png,j
297.png,k
298.png,l
299.png,m
300.png,n
301.png,A
302.png,B
303.png,C
304.png,D
305.png,E
306.png,F
307.png,G
308.png,H
309.png,I
310.png,J
311.png,K
312.png,L
313.png,M
314.png,N
315.png,O
316.png,P
317.png,Q
318.png,R
319.png,S
320.png,T
321.png,U
322.png,V
323.png,W
324.png,X
325.png,Y
326.png,Z
327.png,0
328.png,1
329.png,2
330.png,3
331.png,4
332.png,5
333.png,6
334.png,7
335.png,8
336.png,9
337.png,a
338.png,b
339.png,c
340.png,d
341.png,e
342.png,f
343.png,g
344.png,h
345.png,i
346.png,j
347.png,k
348.png,l
349.png,m
350.png,n
351.png,A
352.png,B
353.png,C
354.png,D
355.png,E
356.png,F
357.png,G
358.png,H
359.png,I
360.png,J
361.png,K
362.png,L
363.png,M
364.png,N
365.png,O
366.png,P
367.png,Q
368.png,R
369.png,S
370.png,T
371.png,U
372.png,V
373.png,W
374.png,X
375.png,Y
376.png,Z
377.png,0
378.png,1
379.png,2
380.png,3
381.png,4
382.png,5
383.png,6
384.png,7
385.png,8
386.png,9
387.png,a
388.png,b
389.png,c
390.png,d
391.png,e
392.png,f
393.png,g
394.png,h
395.png,i
396.png,j
397.png,k
398.png,l
399.png,m
400.png,n
401.png,A
402.png,B
403.png,C
404.png,D
405.png,E
406.png,F
407.png,G
408.png,H
409.png,I
410.png,J
411.png,K
412.png,L
413.png,M
414.png,N
415.png,O
416.png,P
417.png,Q
418.png,R
419.png,S
420.png,T
421.png,U
422.png,V
423.png,W
424.png,X
425.png,Y
426.png,Z
427.png,0
428.png,1
429.png,2
430.png,3
431.png,4
432.png,5
433.png,6
434.png,7
435.png,8
436.png,9
437.png,a
438.png,b
439.png,c
440.png,d
441.png,e
442.png,f
443.png,g
444.png,h
445.png,i
446.png,j
447.png,k
448.png,l
449.png,m
450.png,n
451.png,A
452.png,B
453.png,C
454.png,D
455.png,E
456.png,F
457.png,G
458.png,H
459.png,I
460.png,J
461.png,K
462.png,L
463.png,M
464.png,N
465.png,O
466.png,P
467.png,Q
468.png,R
469.png,S
470.png,T
471.png,U
472.png,V
473.png,W
474.png,X
475.png,Y
476.png,Z
477.png,0
478.png,1
479.png,2
480.png,3
481.png,4
482.png,5
483.png,6
484.png,7
485.png,8
486.png,9
487.png,a
488.png,b
489.png,c
490.png,d
491.png,e
492.png,f
493.png,g
494.png,h
495.png,i
496.png,j
497.png,k
498.png,l
499.png,m
500.png,n
